{"cameraMode":{"drawMode":0,"name":"Shaded","section":"Shading Mode"},"sceneLighting":false,"audioPlay":false,"sceneViewState":{"m_AlwaysRefresh":false,"showFog":true,"showSkybox":false,"showFlares":true,"showImageEffects":true,"showParticleSystems":true,"showVisualEffectGraphs":true,"m_FxEnabled":true},"in2DMode":false,"pivot":{"x":1.8506861925125123,"y":1.7421238422393799,"z":-1.3618836402893067},"rotation":{"x":-0.024693423882126809,"y":-0.9753032922744751,"z":0.15639343857765199,"w":-0.15399479866027833},"size":2.483119010925293,"orthographic":false}